eegid,filename,chan,abs_delta,abs_theta,abs_alpha1,abs_alpha2,abs_beta,abs_gamma1,abs_gamma2,abs_epsilon,db_delta,db_theta,db_alpha1,db_alpha2,db_beta,db_gamma1,db_gamma2,db_epsilon,rel_delta,rel_theta,rel_alpha1,rel_alpha2,rel_beta,rel_gamma1,rel_gamma2,rel_epsilon
EGI file,0228_BBLong.raw,E1,28.5412044525146,17.4879055023193,23.0878009796143,1.52831482887268,0.830147981643677,0.658614814281464,0.845473945140839,0.864886999130249,14.342137336731,12.2899827957153,13.2330827713013,1.59351980686188,-0.954222857952118,-1.87505292892456,-0.770796000957489,-0.706786632537842,0.0519482726231217,0.0318299993458721,0.0420224510133266,0.00278170858509839,0.00151096484956465,0.00119875467898251,0.00153885986806164,0.00157419377289524
EGI file,0228_BBLong.raw,E2,17.4606189727783,13.4895877838135,21.0889625549316,1.22252249717712,0.868814766407013,0.531951248645782,0.624682068824768,0.788925409317017,12.2935476303101,11.1269111633301,12.8175354003906,0.580304026603699,-0.682790160179138,-2.76112151145935,-2.07977151870728,-1.08153927326202,0.0395779702812433,0.0305768344551325,0.0478023342788219,0.00277109055314213,0.00196934196698878,0.00120577347857476,0.00141596621570868,0.00178825652928245
EGI file,0228_BBLong.raw,E3,13.5403051376343,11.8131084442139,21.3200531005859,1.05824291706085,0.747357249259949,0.362133920192719,0.349952757358551,0.333772629499435,11.198784828186,10.554370880127,12.8224840164185,-0.110194638371468,-1.34664940834045,-4.44326305389404,-4.57992172241211,-4.80214738845825,0.0385497105307877,0.0336323270781173,0.0606989186257124,0.00301285369787365,0.00212775162820305,0.00103100764738651,0.000996327581590102,0.000950262030804695
EGI file,0228_BBLong.raw,E4,11.6930236816406,11.1101522445679,20.6682014465332,0.99822998046875,0.793710827827454,0.27327024936676,0.148039981722832,0.115686811506748,10.6135654449463,10.3009605407715,12.6604719161987,-0.342694580554962,-1.07536208629608,-5.75163078308105,-8.31888961791992,-9.40316772460938,0.0384182371199131,0.0365031746526559,0.0679068017750978,0.00327975358814001,0.00260779197394316,0.000897848380583466,0.000486395671971202,0.000380097067608392
EGI file,0228_BBLong.raw,E5,9.73025703430176,8.95942687988281,17.623950958252,0.778509497642517,0.436362713575363,0.0827868282794952,0.033197395503521,0.0261606741696596,9.83462524414062,9.37664890289307,11.928391456604,-1.53555834293365,-3.93250775337219,-11.1695547103882,-14.8168039321899,-15.8777685165405,0.042916489765048,0.0395166497263643,0.0777325935661793,0.00343371145427227,0.00192463120412348,0.000365141453050241,0.000146421163310973,0.000115384855764458
EGI file,0228_BBLong.raw,E6,5.92448711395264,5.50105047225952,12.8670167922974,0.505606651306152,0.249763622879982,0.0368410274386406,0.0109871849417686,0.00786309503018856,7.66975402832031,7.23519563674927,10.4775056838989,-3.49448776245117,-6.56941223144531,-14.8775596618652,-19.617395401001,-21.1262683868408,0.0402965238317847,0.0374164411591159,0.0875174514949322,0.00343897982966155,0.00169881469503577,0.000250581251891038,7.47314234397509e-05,5.34823318704656e-05
EGI file,0228_BBLong.raw,E7,0.00763213587924838,0.004923683591187,0.0105835124850273,0.00205983477644622,0.00152766704559326,0.00120474759023637,0.00100536388345063,0.00129959871992469,-21.2797088623047,-23.1301937103271,-20.2636585235596,-26.912036895752,-28.1851673126221,-29.2315139770508,-29.9795150756836,-29.6811218261719,0.0169491674751043,0.0109343360074692,0.0235034758225083,0.00457440563477576,0.0033925872429141,0.00267545917692284,0.00223267507258682,0.00288610133236345
EGI file,0228_BBLong.raw,E8,53.1617202758789,22.375846862793,23.955997467041,1.6279604434967,0.738314092159271,0.328786134719849,0.302639335393906,0.313534319400787,16.9884986877441,13.3938407897949,13.396146774292,1.88079261779785,-1.56413555145264,-4.86380529403687,-5.21396970748901,-5.06758880615234,0.0896871015429497,0.0377494403057628,0.040415246412158,0.00274646976031363,0.00124558153163109,0.000554682539123129,0.000510571378981695,0.000528951736588526
EGI file,0228_BBLong.raw,E9,20.7572822570801,15.0549621582031,23.4996795654297,1.97063612937927,5.21807384490967,3.2724552154541,1.91960597038269,1.10453295707703,12.9931669235229,11.6689424514771,13.2611131668091,2.87724947929382,6.81236219406128,5.12533855438232,2.81995487213135,0.302821934223175,0.0236592441797256,0.0171597128113111,0.0267850385978818,0.00224613987375051,0.00594758412667683,0.00372995914179174,0.00218797573113754,0.00125895165086759
EGI file,0228_BBLong.raw,E10,14.7304534912109,13.6614637374878,22.5441646575928,1.10955393314362,1.17186498641968,0.61129903793335,0.390693545341492,0.244949117302895,11.5666980743408,11.2219429016113,13.0422306060791,0.173339083790779,0.626183092594147,-2.20655298233032,-4.09034204483032,-6.2173285484314,0.0367286955006421,0.034063287700216,0.0562112838029861,0.00276654509361833,0.00292191055736371,0.00152420390205567,0.000974149514560498,0.000610752524130188
EGI file,0228_BBLong.raw,E11,12.569676399231,12.159366607666,21.3449268341064,0.950837433338165,0.653362095355988,0.189054533839226,0.0629139095544815,0.0377427898347378,10.9228229522705,10.7238969802856,12.7765407562256,-0.599384427070618,-1.93880021572113,-7.54349374771118,-12.0471172332764,-14.3033771514893,0.041809406131506,0.0404446230580409,0.0709977358579636,0.00316268629394472,0.00217322018995349,0.000628835331036837,0.000209264965134583,0.000125540502566868
EGI file,0228_BBLong.raw,E12,8.16086196899414,7.64415216445923,16.6784706115723,0.66459858417511,0.351935148239136,0.0645074248313904,0.022195627912879,0.0166928097605705,9.05515956878662,8.68038845062256,11.6334238052368,-2.27468085289001,-4.91872787475586,-12.3339338302612,-16.5629386901855,-18.0286426544189,0.0409410959109664,0.0383488831834661,0.0836719043552876,0.00333413176704198,0.00176557459968275,0.000323618357594801,0.000111350150555447,8.37438288450542e-05
EGI file,0228_BBLong.raw,E13,3.27153301239014,3.02233529090881,9.39175319671631,0.349231570959091,0.171328693628311,0.0294289439916611,0.014720942825079,0.0146078085526824,5.09771728515625,4.58283090591431,9.03232765197754,-5.14005756378174,-8.17418766021729,-15.7179327011108,-18.3454132080078,-18.5762672424316,0.0342490426264703,0.0316402407156097,0.0983204394578934,0.00365603752434254,0.00179360660591296,0.000308085867550735,0.000154110680488239,0.000152926302965895
EGI file,0228_BBLong.raw,E14,28.3470001220703,16.9758186340332,23.9581165313721,1.78736019134521,2.90220189094543,1.7623473405838,0.975604355335236,0.630969941616058,14.301290512085,12.208836555481,13.3598527908325,2.4227614402771,4.44908285140991,2.39264965057373,-0.116071671247482,-2.086186170578,0.0422770720906556,0.0253179481046067,0.0357314359396696,0.00266569168306887,0.00432837964700801,0.00262838706611564,0.00145502860147145,0.00094103658884245
EGI file,0228_BBLong.raw,E15,19.2273864746094,14.9661302566528,23.3695907592773,1.17630970478058,1.37132930755615,1.00074279308319,0.735464572906494,0.410961836576462,12.6569404602051,11.6378555297852,13.2101621627808,0.426019728183746,1.19284808635712,-0.0484929829835892,-1.34958493709564,-4.0104513168335,0.0390494461171329,0.0303951383878787,0.0474619623273611,0.00238900063559413,0.00278507132482316,0.00203243674089511,0.00149367575819093,0.000834633990432596
EGI file,0228_BBLong.raw,E16,14.9400253295898,13.8394203186035,22.7741241455078,1.2062406539917,1.44674706459045,0.67128050327301,0.293302655220032,0.167759910225868,11.626070022583,11.2835187911987,13.0857105255127,0.592437148094177,1.53702509403229,-1.86848747730255,-5.35407543182373,-7.85250520706177,0.0367837203666568,0.0340739310615593,0.0560719966888428,0.00296987583860755,0.00356202441533761,0.00165275442550945,0.000722138387631745,0.000413040340954697
EGI file,0228_BBLong.raw,E17,31.6843490600586,18.0917282104492,24.0454959869385,1.50364899635315,1.36201846599579,1.17080593109131,0.669135689735413,0.451178729534149,14.751916885376,12.4744806289673,13.3902463912964,1.56140518188477,1.2979302406311,0.552160084247589,-1.7567526102066,-3.50322246551514,0.0551233701407909,0.0314753850301107,0.0418335489928722,0.00261599828954786,0.00236959403181182,0.00203692898674704,0.00116413999198666,0.000784945683819065
EGI file,0228_BBLong.raw,E18,11.0595064163208,9.86375904083252,20.7756748199463,0.913211822509766,0.854430615901947,0.44926130771637,0.300152748823166,0.200314104557037,10.3109693527222,9.75936889648438,12.651834487915,-0.782376170158386,-0.758514046669006,-3.5429208278656,-5.23861408233643,-7.03747034072876,0.0348826586268842,0.0311111673298809,0.0655283138155937,0.00288035068660975,0.00269494958088866,0.00141700986297984,0.000946708241357438,0.000631808347873319
EGI file,0228_BBLong.raw,E19,10.2367906570435,9.13525772094727,20.1301078796387,0.883268356323242,0.716487407684326,0.31319060921669,0.205627575516701,0.170373484492302,9.99019432067871,9.42734241485596,12.5077877044678,-0.941432595252991,-1.50752210617065,-5.14718437194824,-6.88034439086914,-7.70781373977661,0.035919863730669,0.0320546922998296,0.0706345096230507,0.00309929922223091,0.00251408169777798,0.00109895427629132,0.000721526422327565,0.000597823368123131
EGI file,0228_BBLong.raw,E20,7.59800910949707,6.6883864402771,17.0442962646484,0.749295353889465,0.437549084424973,0.119251228868961,0.080227866768837,0.0754236578941345,8.73741054534912,8.0947380065918,11.7273426055908,-1.69266390800476,-3.81043124198914,-9.42476367950439,-10.9786643981934,-11.2632732391357,0.0371460476890206,0.0326989744272497,0.0833281747996807,0.00366324372589588,0.00213914163344141,0.000583009566089102,0.000392227496523711,0.00036874013994172
EGI file,0228_BBLong.raw,E21,29.4873237609863,16.5013675689697,23.9297294616699,2.00187158584595,3.86452293395996,2.42520260810852,1.14261734485626,0.685313940048218,14.4228134155273,12.0763893127441,13.3567628860474,2.94196343421936,5.610023021698,3.66904354095459,0.55739825963974,-1.73453342914581,0.0391929713077843,0.0219327337625954,0.0318061143159866,0.00266078063286841,0.00513651733552771,0.00322344926112861,0.00151870607007896,0.000910882627343924
EGI file,0228_BBLong.raw,E22,19.202564239502,12.8393297195435,22.8811454772949,1.78838670253754,3.58609557151794,2.19107961654663,1.43260204792023,0.881230235099792,12.5631370544434,10.9383716583252,13.1202068328857,2.46071028709412,5.26508283615112,3.37409615516663,1.54227364063263,-0.665431559085846,0.0279540703631938,0.0186908127119144,0.0333091529086232,0.00260343812406063,0.00522044692853732,0.00318965676021488,0.00208550542893429,0.00128284797199141
EGI file,0228_BBLong.raw,E23,10.4879369735718,9.16658115386963,20.2859745025635,0.928174316883087,0.826509237289429,0.396636724472046,0.275486081838608,0.235067680478096,10.0863847732544,9.43595504760742,12.5521516799927,-0.699088573455811,-0.893328547477722,-4.10809373855591,-5.61052560806274,-6.31521701812744,0.034483393188566,0.0301388930529356,0.0666984543204308,0.00305175394751132,0.00271748800961567,0.00130410589204699,0.000905773562995056,0.000772881432129895
EGI file,0228_BBLong.raw,E24,10.1837301254272,8.86723709106445,19.9117736816406,0.923207640647888,0.777560949325562,0.353659570217133,0.251619040966034,0.223702535033226,9.96648216247559,9.29549789428711,12.472487449646,-0.720413088798523,-1.15438401699066,-4.6119556427002,-6.00677156448364,-6.53455305099487,0.0348352435976267,0.0303319467024671,0.0681117214262486,0.00315799438394606,0.00265978439378419,0.00120975486089603,0.000860707053253728,0.000765213892423795
EGI file,0228_BBLong.raw,E25,43.5514373779297,18.6872158050537,23.7426738739014,1.5069215297699,0.727979421615601,0.357778519392014,0.288794249296188,0.303275108337402,16.0154094696045,12.5839748382568,13.3521318435669,1.50259852409363,-1.48700439929962,-4.59304046630859,-5.40626239776611,-5.23531198501587,0.0827019736170769,0.0354860718879435,0.0450861360877752,0.00286156740039587,0.00138239624710487,0.000679403252433985,0.000548405682615515,0.000575904100411277
EGI file,0228_BBLong.raw,E26,17.0153274536133,11.695761680603,21.8789653778076,1.34905791282654,1.55247187614441,1.08495569229126,0.962815165519714,0.908425629138947,12.0986614227295,10.4784278869629,12.9684295654297,1.08197999000549,1.79194700717926,0.314271926879883,-0.190918758511543,-0.437762886285782,0.0334665677510202,0.023003790113661,0.0430326078087091,0.00265339261386544,0.00305347689760051,0.0021339435879068,0.0018937116518857,0.00178673547615969
EGI file,0228_BBLong.raw,E27,11.8372421264648,9.98694705963135,19.6225204467773,0.943641304969788,0.553046941757202,0.244979992508888,0.251825004816055,0.266827344894409,10.6301164627075,9.79924392700195,12.4840650558472,-0.669191002845764,-2.72883868217468,-6.15124130249023,-6.01951789855957,-5.76788854598999,0.0400055069476366,0.0337521909839577,0.0663168709725142,0.00318915876559913,0.00186909438177411,0.000827941870061206,0.000851075551773031,0.000901777794602315
EGI file,0228_BBLong.raw,E28,8.62580299377441,7.56624794006348,17.6191520690918,0.850262999534607,0.583071231842041,0.300854653120041,0.30807763338089,0.319127827882767,9.2778205871582,8.6137056350708,11.9577188491821,-1.0902988910675,-2.43674206733704,-5.27255010604858,-5.14573335647583,-5.00623655319214,0.0326695339754224,0.028656555339694,0.0667311225086451,0.00322030275128782,0.00220833569432476,0.00113946278511053,0.00116681919297985,0.00120867091478615
EGI file,0228_BBLong.raw,E29,4.1805214881897,3.94226884841919,11.0773124694824,0.498017132282257,0.283249348402023,0.114333808422089,0.114413276314735,0.122367784380913,6.18022727966309,5.78239965438843,9.91109657287598,-3.46582984924316,-5.80037689208984,-9.49051952362061,-9.45569229125977,-9.16459178924561,0.0304256794042885,0.0286916858620114,0.0806202687323093,0.00362454960122705,0.00206147789223386,0.000832117199167317,0.000832695594703358,0.000890588181541313
EGI file,0228_BBLong.raw,E30,1.62168610095978,1.56065607070923,4.46044063568115,0.213357046246529,0.111759446561337,0.03048100695014,0.0256682578474283,0.0270131323486567,2.07423400878906,1.77736008167267,5.97972822189331,-7.10604619979858,-10.0443601608276,-15.2830486297607,-15.9426527023315,-15.7458477020264,0.0316219185478985,0.0304318639553256,0.0869759485125542,0.00416033561341464,0.00217924280025597,0.000594361565947788,0.000500515814975745,0.000526740068725982
EGI file,0228_BBLong.raw,E31,0.0485169291496277,0.0249253641813993,0.038000263273716,0.00587189709767699,0.00344599690288305,0.0016777312848717,0.00132677622605115,0.00179914676118642,-13.5549612045288,-16.0637741088867,-14.4530515670776,-22.4529552459717,-24.8467674255371,-27.8519020080566,-28.77659034729,-28.4134387969971,0.0472210356965661,0.0242596043066846,0.0369852669537067,0.00571505771949887,0.00335395381386791,0.00163291867448054,0.00129133797506051,0.00175109146976301
EGI file,0228_BBLong.raw,E32,28.7142524719238,16.4862747192383,23.5040645599365,1.46564590930939,0.784104883670807,0.633626580238342,0.663487732410431,0.755496084690094,14.3139629364014,12.0075263977051,13.3115339279175,1.38237690925598,-1.1595755815506,-2.03267121315002,-1.807461977005,-1.26791250705719,0.0548370275646448,0.031484651275807,0.0448868755251169,0.0027990163071081,0.00149744383192488,0.00121006798843725,0.00126709517151598,0.0014428080640191
EGI file,0228_BBLong.raw,E33,13.496787071228,11.2650651931763,19.9510307312012,1.03695356845856,0.65915435552597,0.448118209838867,0.502984046936035,0.598034977912903,11.2017650604248,10.3308582305908,12.5807027816772,-0.228977635502815,-1.92414772510529,-3.51699280738831,-2.99846506118774,-2.2724142074585,0.0366228362545371,0.0305671751913097,0.05413609854877,0.00281371995806694,0.00178858123586646,0.00121594558917351,0.00136482135032214,0.00162273712008248
EGI file,0228_BBLong.raw,E34,11.1608381271362,9.99036026000977,18.2341423034668,0.94569718837738,0.644316375255585,0.38079571723938,0.418876856565475,0.430983155965805,10.4047908782959,9.81302070617676,12.1950120925903,-0.68529212474823,-2.02798986434937,-4.21612405776978,-3.7903196811676,-3.69393181800842,0.0350917307659984,0.0314115345891979,0.0573315046727657,0.00297344634309411,0.00202584960497916,0.00119729184627752,0.00131702579693088,0.00135509045853551
EGI file,0228_BBLong.raw,E35,6.80673742294312,6.59497404098511,14.2118072509766,0.779839992523193,0.534085929393768,0.372630536556244,0.435380429029465,0.48188728094101,8.28991889953613,8.04962158203125,11.0700416564941,-1.45019125938416,-2.87584471702576,-4.33338928222656,-3.6520984172821,-3.21526026725769,0.0269124023616314,0.026075134674708,0.0561904788017273,0.00308332259301096,0.00211166296752968,0.00147330231266096,0.00172140230349596,0.00190528037462714
EGI file,0228_BBLong.raw,E36,4.56493616104126,4.56290102005005,10.2206430435181,0.561463952064514,0.309872299432755,0.135192573070526,0.137735202908516,0.147096559405327,6.57050037384033,6.49107837677002,9.60105514526367,-2.87602114677429,-5.4473614692688,-8.75805187225342,-8.66289520263672,-8.37979888916016,0.03140255715698,0.0313885538942284,0.0703086089342833,0.00386235462501645,0.0021316357289574,0.000930000383032522,0.000947491282732376,0.00101188875077575
EGI file,0228_BBLong.raw,E37,1.61114358901978,1.55452275276184,3.70691990852356,0.220427006483078,0.111157789826393,0.0289763770997524,0.0239378772675991,0.0252453554421663,2.05139303207397,1.83109724521637,5.21370697021484,-6.91368389129639,-10.1202173233032,-15.5162534713745,-16.2522163391113,-16.0723438262939,0.0341544123366475,0.032954114385777,0.0785824872553349,0.00467280209995806,0.00235641876435173,0.000614266264521718,0.000507455781072138,0.000535172808921271
EGI file,0228_BBLong.raw,E38,22.0014019012451,15.7659912109375,23.2164421081543,1.39450573921204,0.676898658275604,0.402649074792862,0.390775173902512,0.413016706705093,13.2711305618286,11.8019351959229,13.2562227249146,1.11732244491577,-1.89952039718628,-3.99306702613831,-4.10569047927856,-3.8835916519165,0.0506627233698964,0.0363044169627958,0.0534606046974659,0.00321113474201411,0.00155869748476627,0.000927181828849237,0.000899839667498224,0.00095105546753547
EGI file,0228_BBLong.raw,E39,16.4495372772217,15.0971479415894,21.7161979675293,1.62135028839111,2.10272288322449,1.66650104522705,1.44066369533539,1.01224184036255,12.1006603240967,11.6597480773926,12.9852628707886,1.84333491325378,3.03222060203552,2.18366456031799,1.57349348068237,-0.0389999374747276,0.0265513998456299,0.0243684881263309,0.035052377358079,0.00261704106815159,0.00339403068314173,0.0026899195577511,0.00232539286146001,0.00163387168269557
EGI file,0228_BBLong.raw,E40,11.0487642288208,11.0573768615723,17.0903778076172,1.14052772521973,0.555725693702698,0.289964407682419,0.35985654592514,0.34551876783371,10.3997955322266,10.3367719650269,11.9356737136841,0.169362738728523,-2.86542844772339,-5.43633842468262,-4.47888278961182,-4.66638040542603,0.0362925203517079,0.0363208123793205,0.0561377637088299,0.00374635774642229,0.00182542476603495,0.000952462927100486,0.00118204190080324,0.00113494564481433
EGI file,0228_BBLong.raw,E41,6.9057445526123,6.83648252487183,13.4067153930664,0.840806126594543,0.471076160669327,0.251043528318405,0.262499243021011,0.281404852867126,8.35609436035156,8.26419544219971,10.8112688064575,-1.08927655220032,-3.52689599990845,-6.07280111312866,-5.87119245529175,-5.58122062683105,0.031525690574199,0.0312094990577963,0.061203533038497,0.00383839746937156,0.00215052863849061,0.00114604880047195,0.00119834580466211,0.00128465252294783
EGI file,0228_BBLong.raw,E42,4.87550067901611,4.67944955825806,9.16486740112305,0.66766083240509,0.282535493373871,0.0728861317038536,0.0586327537894249,0.0595632754266262,6.84119844436646,6.65447998046875,9.19695281982422,-2.08734250068665,-6.03064966201782,-11.5213432312012,-12.3598079681396,-12.3596982955933,0.0381459314376116,0.0366120280490981,0.0717059511691332,0.00522378059104085,0.00221055868813502,0.00057026131452956,0.000458742845841053,0.000466023200070721
EGI file,0228_BBLong.raw,E43,25.6260299682617,16.8556213378906,24.3541088104248,1.39902794361115,0.608807981014252,0.264236211776733,0.230700895190239,0.238180041313171,13.8973960876465,12.0807256698608,13.4501695632935,1.11463236808777,-2.46501588821411,-5.82482194900513,-6.39314937591553,-6.28012800216675,0.0594600373879075,0.0391100705083874,0.0565088011324406,0.00324616234283894,0.001412616086392,0.000613106912294147,0.00053529494682387,0.000552648816573068
EGI file,0228_BBLong.raw,E44,19.3345642089844,16.3543395996094,23.9762496948242,1.45893728733063,0.745284080505371,0.385535299777985,0.360627502202988,0.327730387449265,12.7771053314209,11.9633941650391,13.3871974945068,1.28182125091553,-1.45772850513458,-4.17042350769043,-4.44891023635864,-4.89177846908569,0.0453144563362002,0.0383297004219559,0.0561931855976582,0.00341931409202516,0.0017467240437067,0.000903579909765326,0.000845203636169073,0.000768102441702179
EGI file,0228_BBLong.raw,E45,16.3382263183594,15.7854747772217,22.4926319122314,1.6050933599472,0.905369341373444,0.406456738710403,0.310997039079666,0.233483478426933,12.0790100097656,11.8691596984863,13.1311922073364,1.69498860836029,-0.584076702594757,-3.92546391487122,-5.07934522628784,-6.36983060836792,0.0407012850046158,0.0393242852555381,0.0560329455882311,0.00399855896830559,0.00225542800367943,0.00101255240973414,0.000774746141096036,0.000581646816292188
EGI file,0228_BBLong.raw,E46,11.0835437774658,11.1441125869751,16.7949447631836,1.19166684150696,0.614858448505402,0.399948269128799,0.476067364215851,0.489313781261444,10.4156742095947,10.3835105895996,11.8624200820923,0.411214530467987,-2.34502792358398,-4.06023740768433,-3.25905752182007,-3.16517949104309,0.0337090669199824,0.0338932797312737,0.0510795071721077,0.0036242897156626,0.00187000732403249,0.0012163873704826,0.00144789286047941,0.00148818020036892
EGI file,0228_BBLong.raw,E47,7.53393793106079,7.3535361289978,12.3187818527222,0.960947871208191,0.388448894023895,0.113128334283829,0.0993658453226089,0.0978818312287331,8.73648166656494,8.61859512329102,10.51344871521,-0.484100520610809,-4.61174488067627,-9.61236953735352,-10.0617446899414,-10.1813058853149,0.0400715256109834,0.0391120041410128,0.0655211694538593,0.00511109223589301,0.00206608272190871,0.000601707255198419,0.00052850728764409,0.000520614108816379
EGI file,0228_BBLong.raw,E48,28.4383277893066,17.2449131011963,25.1054725646973,1.43069541454315,0.771008372306824,0.517675459384918,0.324969440698624,0.248454079031944,14.2690553665161,12.1572465896606,13.5702333450317,1.25317704677582,-1.27593147754669,-2.9860315322876,-4.93798875808716,-6.10469818115234,0.0599591769278049,0.0363590607626571,0.052932209149003,0.00301646844018251,0.00162558869591781,0.00109146342740632,0.000685163420594988,0.000523838852281694
EGI file,0228_BBLong.raw,E49,20.4711952209473,16.6807174682617,24.9926338195801,1.42452311515808,0.637972891330719,0.237268969416618,0.19261135160923,0.176085755228996,13.0055751800537,12.0089588165283,13.5490140914917,1.17922079563141,-2.30259037017822,-6.31471157073975,-7.18724298477173,-7.57976055145264,0.0503521366044879,0.0410288549545738,0.061473323777318,0.00350383925251663,0.00156919525137969,0.000583600526214486,0.000473758078090126,0.000433110685420777
EGI file,0228_BBLong.raw,E50,15.4454488754272,15.2490949630737,21.9310512542725,1.65077435970306,0.623830020427704,0.135355234146118,0.104143850505352,0.10343874245882,11.8357601165771,11.7302284240723,13.0161848068237,1.83074069023132,-2.54049634933472,-8.89499282836914,-9.84945106506348,-9.91699504852295,0.0446415636688471,0.0440740432176325,0.0633867219090462,0.00477118827402592,0.00180303913241784,0.000391213576578736,0.000301004149913487,0.000298966177115865
EGI file,0228_BBLong.raw,E51,10.5404357910156,10.4967908859253,15.620475769043,1.28734147548676,0.50148618221283,0.143962815403938,0.119795896112919,0.108901932835579,10.1846485137939,10.1552925109863,11.5568695068359,0.803587079048157,-3.47674250602722,-8.56008529663086,-9.24118804931641,-9.68950843811035,0.0419555492699146,0.0417818211846881,0.0621763277798891,0.00512418267317116,0.00199613469054124,0.000573035021992766,0.000476840089240502,0.000433477315583113
EGI file,0228_BBLong.raw,E52,6.61070203781128,6.0604076385498,10.7615232467651,0.87315446138382,0.328648746013641,0.0657734796404839,0.0478048324584961,0.0455156080424786,8.15036010742188,7.77993106842041,9.94166374206543,-0.887942969799042,-5.4324164390564,-12.0489940643311,-13.2292375564575,-13.5135326385498,0.0428676074370742,0.0392991805242168,0.0697839256376028,0.00566203761845827,0.0021311484859325,0.000426513251880476,0.000309994110026427,0.000295149479606601
EGI file,0228_BBLong.raw,E53,4.8728666305542,4.17018604278564,8.01233959197998,0.652944445610046,0.242185652256012,0.0371033325791359,0.0214724894613028,0.0200844593346119,6.80650806427002,6.15203714370728,8.683424949646,-2.15974044799805,-6.8314266204834,-14.6324949264526,-16.6950874328613,-17.1041469573975,0.0445574875921011,0.0381321782867114,0.0732648231089115,0.0059705235529691,0.00221454537573404,0.000339272821221647,0.000196344403628891,0.000183652279437284
EGI file,0228_BBLong.raw,E54,2.98123502731323,2.251620054245,3.97710347175598,0.32173690199852,0.123174071311951,0.0145592130720615,0.00651931809261441,0.00665249535813928,4.65557670593262,3.46353626251221,5.68231296539307,-5.24435138702393,-9.90593147277832,-18.7691459655762,-21.8673458099365,-22.3950958251953,0.0448344750329852,0.0338618740853336,0.059811233356595,0.00483856690116227,0.0018524017584111,0.000218954448891785,9.80433312267245e-05,0.00010004617364803
EGI file,0228_BBLong.raw,E55,0.0225423127412796,0.0177536495029926,0.0402574576437473,0.00372064718976617,0.0022592565510422,0.00126262742560357,0.00105910690035671,0.00133753812406212,-16.6108436584473,-17.7371578216553,-14.4359846115112,-24.4853458404541,-26.6137409210205,-29.0183296203613,-29.7533111572266,-29.6956577301025,0.0279065677896142,0.0219783769506547,0.04983727671206,0.00460602673701942,0.00279687795721527,0.00156308702814082,0.001311136158033,0.00165582378247541
EGI file,0228_BBLong.raw,E56,19.1012992858887,16.9640331268311,25.783863067627,1.58425164222717,0.747671186923981,0.252756029367447,0.184918805956841,0.158308580517769,12.7299194335938,12.0651378631592,13.6718368530273,1.69547367095947,-1.61898386478424,-6.04418468475342,-7.35036563873291,-8.04076194763184,0.0463474011048675,0.0411615375843313,0.0625619765371084,0.00384402894414961,0.00181414973090536,0.00061328744849044,0.000448687103456788,0.000384120017517052
EGI file,0228_BBLong.raw,E57,16.971363067627,15.9642400741577,24.0848007202148,1.65017092227936,0.644580781459808,0.153766348958015,0.10341826826334,0.0930108726024628,12.2200078964233,11.8663806915283,13.3871917724609,1.85525798797607,-2.40570950508118,-8.27273941040039,-9.8697624206543,-10.3432331085205,0.0459040962159634,0.0431800356341733,0.065144507214427,0.00446337778121233,0.00174346038506233,0.000415906832809103,0.000279725420818244,0.00025157556063024
EGI file,0228_BBLong.raw,E58,14.7524194717407,13.4293441772461,19.9682521820068,1.71693742275238,0.58427894115448,0.114211201667786,0.0662100538611412,0.0555554144084454,11.6089468002319,11.1916446685791,12.5978517532349,2.09237861633301,-2.94703578948975,-9.70772933959961,-11.8044853210449,-12.5827741622925,0.0475516822189093,0.043286996997065,0.0643639530986548,0.00553422919474542,0.00188331434869074,0.00036813860545711,0.000213415818683232,0.000179072544148156
EGI file,0228_BBLong.raw,E59,11.9626436233521,9.89758968353271,16.1814270019531,1.46147656440735,0.488398909568787,0.1073127835989,0.0837025344371796,0.0797071605920792,10.6726741790771,9.86894798278809,11.6887607574463,1.41937661170959,-3.73903274536133,-9.81545734405518,-10.7780828475952,-11.0025758743286,0.0481235925108194,0.039816249989801,0.0650950130075216,0.00587926115840673,0.00196474193695134,0.000431700311167458,0.000336720476738147,0.000320647800078946
EGI file,0228_BBLong.raw,E60,8.93760871887207,7.00906276702881,12.2459468841553,1.07001090049744,0.355509638786316,0.0526936836540699,0.0318187400698662,0.0296714454889297,9.4083309173584,8.38393115997314,10.4928026199341,0.051874540746212,-5.21811628341675,-13.0741968154907,-14.9785718917847,-15.3077735900879,0.0504208682104945,0.0395411190887292,0.0690846215933561,0.00603638859465718,0.00200558188870283,0.000297267618246705,0.000179503131338636,0.000167389298992562
EGI file,0228_BBLong.raw,E61,5.33695554733276,3.86050295829773,6.36162233352661,0.54134327173233,0.195757210254669,0.022721391171217,0.00987700466066599,0.00911827757954597,7.18178176879883,5.82074213027954,7.70555019378662,-2.94364547729492,-7.90801286697388,-16.8365936279297,-20.063081741333,-20.6267013549805,0.0417867628857493,0.0302265820403894,0.0498095948249102,0.00423855562694371,0.00153272023141783,0.000177901687600431,7.73339979200354e-05,7.13933791130445e-05
EGI file,0228_BBLong.raw,E62,6.05139636993408,4.35622596740723,6.97939205169678,0.605546832084656,0.215588808059692,0.0253038220107555,0.0110941855236888,0.00934907980263233,7.73150253295898,6.34795141220093,8.10208892822266,-2.44536089897156,-7.48488330841064,-16.3709545135498,-19.5574436187744,-20.3278217315674,0.0476347086951137,0.0342908545086781,0.0549395967274904,0.00476667527109385,0.00169704799024787,0.000199183794428987,8.73299760578741e-05,7.35930390206543e-05
EGI file,0228_BBLong.raw,E63,17.8904151916504,16.4248390197754,25.2831554412842,1.75117039680481,0.764841854572296,0.200035735964775,0.130898758769035,0.113231994211674,12.4472217559814,11.9232912063599,13.5852355957031,2.20969152450562,-1.66088819503784,-7.1121973991394,-8.84609413146973,-9.48451995849609,0.0455022528767586,0.0417747249205907,0.0643048595637083,0.00445390450768173,0.001945288760388,0.000508768335053259,0.000332926201912004,0.000287992836645203
EGI file,0228_BBLong.raw,E64,16.2443733215332,15.2626428604126,23.248514175415,1.72617018222809,0.618971049785614,0.137017533183098,0.0860560163855553,0.0779024362564087,12.0464878082275,11.6722316741943,13.2278823852539,2.11293053627014,-2.6603536605835,-8.81036949157715,-10.6594285964966,-11.1018304824829,0.0460153901949525,0.0432344484660361,0.0658559944480658,0.00488971718586981,0.00175335715591375,0.000388129160616218,0.000243770633166986,0.000220674022853881
EGI file,0228_BBLong.raw,E65,16.9677696228027,13.7582025527954,20.3764190673828,1.99920499324799,0.755755066871643,0.334260225296021,0.2923444211483,0.263078570365906,12.1853666305542,11.2797327041626,12.6646680831909,2.81542062759399,-1.53749310970306,-4.7898097038269,-5.35195350646973,-5.83085823059082,0.045913583599031,0.0372287262645033,0.0551371470093727,0.00540970703586936,0.00204501964617521,0.00090448457779655,0.000791063359487922,0.000711872054505622
EGI file,0228_BBLong.raw,E66,15.5609569549561,11.8562755584717,18.1146755218506,1.79473781585693,0.516861438751221,0.0758588537573814,0.0351521261036396,0.0299925412982702,11.8032140731812,10.6389064788818,12.1584119796753,2.34067964553833,-3.67760014533997,-11.5799055099487,-14.5497627258301,-15.2665996551514,0.0551120489835739,0.0419912288586299,0.0641565255820751,0.00635640108957887,0.00183056176174432,0.00026866835918661,0.00012449786112073,0.000106224225269619
EGI file,0228_BBLong.raw,E67,7.15031290054321,5.12976503372192,7.98230361938477,0.715767562389374,0.246458128094673,0.0299499947577715,0.0136117562651634,0.0118305953219533,8.45653820037842,7.05670356750488,8.6732234954834,-1.70267295837402,-6.89447641372681,-15.6146860122681,-18.6680202484131,-19.3293857574463,0.0524318721145391,0.0376155827608373,0.0585327081382275,0.00524858664721251,0.00180723012890667,0.000219617574532772,9.9812408265162e-05,8.6751489648065e-05
EGI file,0228_BBLong.raw,E68,16.5559463500977,15.7215595245361,24.8126697540283,1.71414971351624,0.688349664211273,0.171843245625496,0.119593530893326,0.112517237663269,12.1334829330444,11.7023096084595,13.4942655563354,2.14505457878113,-2.20738863945007,-7.76118278503418,-9.23662281036377,-9.50033187866211,0.0441835932433605,0.0419568278723293,0.0662186786532402,0.00457462766207755,0.00183702965898971,0.000458605720447011,0.000319164619037521,0.000300279773530091
EGI file,0228_BBLong.raw,E69,15.0604133605957,13.7627201080322,21.7394599914551,1.58697581291199,0.607949256896973,0.232946887612343,0.176739543676376,0.158815875649452,11.7149925231934,11.1751899719238,12.9209976196289,1.78411519527435,-2.60538291931152,-6.37613677978516,-7.5328311920166,-8.00861549377441,0.0439050504937768,0.0401219355149402,0.063376222550869,0.00462645059451461,0.00177233124351395,0.000679101184348338,0.000515242025534052,0.000462989942863277
EGI file,0228_BBLong.raw,E70,15.2527551651001,12.9862871170044,19.6683521270752,1.57335245609283,0.529472768306732,0.130099758505821,0.0834347233176231,0.0725046321749687,11.7609920501709,10.9806861877441,12.4916372299194,1.7582995891571,-3.38605976104736,-8.98370742797852,-10.7907667160034,-11.4120988845825,0.0497278897091746,0.0423386241826746,0.064123859629035,0.00512953195720911,0.00172621708230249,0.00042415856824293,0.000272018573952899,0.000236383652906936
EGI file,0228_BBLong.raw,E71,14.4439649581909,11.1073312759399,15.6511516571045,1.44503057003021,0.455045104026794,0.0713776350021362,0.0363517962396145,0.0299688838422298,11.5201435089111,10.3772506713867,11.530782699585,1.39151132106781,-4.18406772613525,-11.7339763641357,-14.4004983901978,-15.2589807510376,0.0566156664863229,0.0435371411343416,0.0613474454730749,0.00566405211575329,0.00178362911766661,0.000279777201392469,0.00014248730627925,0.00011746832751669
EGI file,0228_BBLong.raw,E72,9.84051513671875,7.25481176376343,10.3545551300049,0.969470858573914,0.326202869415283,0.0405988208949566,0.0181350354105234,0.0149837117642164,9.85622406005859,8.56199073791504,9.79105854034424,-0.365401059389114,-5.67734527587891,-14.3019132614136,-17.4231929779053,-18.2834758758545,0.0580221330747008,0.0427761773268382,0.0610530443489552,0.00571624245494604,0.00192337353614026,0.000239380781981619,0.000106928698744835,8.83476989000411e-05
EGI file,0228_BBLong.raw,E73,16.4308052062988,15.582896232605,24.6442451477051,1.68536758422852,0.675014674663544,0.17393858730793,0.121258482336998,0.113479979336262,12.1000785827637,11.6624069213867,13.4637575149536,2.06537461280823,-2.28102993965149,-7.70362949371338,-9.17554950714111,-9.46313953399658,0.0441939057782292,0.0419132831609911,0.0662855815142393,0.00453312997706234,0.00181558554759249,0.000467842279855783,0.000326148653966224,0.00030522685699884
EGI file,0228_BBLong.raw,E74,15.9655265808105,15.1023187637329,23.9607200622559,1.60242295265198,0.623399198055267,0.165476635098457,0.118321657180786,0.115648157894611,11.9761829376221,11.5301609039307,13.3383655548096,1.82905900478363,-2.62774062156677,-7.91747093200684,-9.27825546264648,-9.37715244293213,0.0443727700039744,0.0419736676332023,0.066593698784709,0.00445359218865633,0.00173260508870174,0.000459906943005455,0.000328849779532081,0.000321419382780272
EGI file,0228_BBLong.raw,E75,15.4010944366455,13.2850933074951,19.9485378265381,1.57615065574646,0.535791397094727,0.13278141617775,0.0859446227550507,0.0738847777247429,11.8076305389404,11.0764274597168,12.5493993759155,1.76475739479065,-3.33290386199951,-8.8890323638916,-10.6620626449585,-11.3289594650269,0.049408002756536,0.0426196890572707,0.0639965809881687,0.00505642322823405,0.00171886334761179,0.000425973907113075,0.000275717546877962,0.000237028571317279
EGI file,0228_BBLong.raw,E76,16.7685489654541,14.0109748840332,17.8988914489746,1.79770505428314,0.572117447853088,0.0877308249473572,0.0433838926255703,0.0334621928632259,12.1979866027832,11.3914890289307,12.1233901977539,2.35696506500244,-3.20506024360657,-10.8579320907593,-13.6335163116455,-14.78919506073,0.0546581298112869,0.04566964879632,0.0583425607532263,0.00585973169654608,0.00186485261490036,0.000285964138753365,0.000141412497126317,0.000109072113089128
EGI file,0228_BBLong.raw,E77,9.52591228485107,7.21162176132202,10.4405994415283,0.974184989929199,0.332401722669601,0.041312362998724,0.0180745720863342,0.0146032106131315,9.72249984741211,8.53823471069336,9.83109188079834,-0.344997823238373,-5.588951587677,-14.267786026001,-17.4389495849609,-18.3824596405029,0.0567223522812128,0.0429418318801456,0.0621688831597567,0.0058008152525872,0.00197929642828447,0.000245995758792988,0.000107625633620867,8.69552715374982e-05
EGI file,0228_BBLong.raw,E78,5.94526338577271,4.56557416915894,7.52214527130127,0.640440762042999,0.24067197740078,0.029447004199028,0.0129741858690977,0.0109259393066168,7.67424392700195,6.55746126174927,8.43056583404541,-2.21242427825928,-6.97204446792603,-15.7999563217163,-18.8867874145508,-19.6416664123535,0.0530262039974332,0.0407206627229849,0.0670905165374279,0.00571213378570974,0.00214656924862149,0.000262639786609832,0.000115717630486019,9.74491828591327e-05
EGI file,0228_BBLong.raw,E79,2.22034621238708,1.95750892162323,3.79976034164429,0.295709520578384,0.126969188451767,0.0205241348594427,0.0116380825638771,0.011547327041626,3.43077564239502,2.81284117698669,5.4859824180603,-5.62050342559814,-9.62706565856934,-17.2264232635498,-19.3652191162109,-19.474552154541,0.042596067301929,0.0375536849929227,0.0728962227702141,0.00567301721312106,0.00243583083252556,0.000393743740050031,0.000223269973385839,0.000221528854851811
EGI file,0228_BBLong.raw,E80,0.70362263917923,0.625381588935852,1.36226606369019,0.119292691349983,0.0530800856649876,0.0127473436295986,0.00931345764547586,0.00952666159719229,-1.54406654834747,-2.08018112182617,0.96902322769165,-9.59571838378906,-13.2451333999634,-19.1501197814941,-20.3355293273926,-20.2457809448242,0.0371428783982992,0.0330126856764158,0.0719113983213902,0.00629723067395389,0.00280199566124273,0.000672907683788342,0.000491639489360574,0.000502894044547236
EGI file,0228_BBLong.raw,E81,17.6063385009766,15.8199787139893,25.0836143493652,1.72135257720947,0.726520717144012,0.24265244603157,0.179842606186867,0.151923567056656,12.3779706954956,11.7214784622192,13.5411252975464,2.15758466720581,-1.83630108833313,-6.20451879501343,-7.46227121353149,-8.19928169250488,0.0449255295097828,0.0403673305279679,0.0640050556510687,0.00439232005737722,0.00185383963731251,0.000619168560518244,0.000458898706241481,0.000387658511695181
EGI file,0228_BBLong.raw,E82,16.0655117034912,14.9574127197266,22.9511070251465,1.74757313728333,0.783800065517426,0.480387181043625,0.405815780162811,0.309100359678268,12.0023441314697,11.5095815658569,13.1541500091553,2.24126315116882,-1.2598785161972,-3.19664096832275,-3.9256432056427,-5.13598728179932,0.0395724605768919,0.0368429964615239,0.0565330073237419,0.00430461033247411,0.00193065096225057,0.00118328646674533,0.000999602626243065,0.000761373916823606
EGI file,0228_BBLong.raw,E83,16.2461051940918,14.9486589431763,21.6127243041992,1.78584730625153,0.601614952087402,0.166574493050575,0.112312406301498,0.0849237367510796,12.0547666549683,11.5644311904907,12.9073667526245,2.29631876945496,-2.7826042175293,-7.86171865463257,-9.50531005859375,-10.7488412857056,0.0471311844885349,0.0433671925630834,0.0627001523971558,0.00518087856471539,0.00174533072193818,0.000483245293235443,0.000325826898915693,0.000246370201296751
EGI file,0228_BBLong.raw,E84,16.5155258178711,14.485390663147,19.6975021362305,1.97753751277924,0.629790067672729,0.101607948541641,0.0536036044359207,0.0412081964313984,12.1294441223145,11.5078620910645,12.5435085296631,2.77034997940063,-2.78165626525879,-10.2075891494751,-12.7167148590088,-13.8871250152588,0.0510170897468925,0.0447459274695979,0.060846334323287,0.00610868902876973,0.0019454460574447,0.000313870850197204,0.000165583600098598,0.000127293694288399
EGI file,0228_BBLong.raw,E85,8.48087787628174,7.15887975692749,12.1721382141113,1.05225396156311,0.379512190818787,0.0561396218836308,0.0293040983378887,0.0260650236159563,9.22789287567139,8.49342823028564,10.4831657409668,-0.0283912904560566,-4.90813064575195,-13.0250101089478,-15.35338306427,-15.8648862838745,0.0479706590995193,0.0404929978152116,0.0688496507704258,0.00595189733430743,0.00214664675129045,0.000317544302864311,0.000165753724192449,0.000147432422717072
EGI file,0228_BBLong.raw,E86,6.73469734191895,5.78539323806763,10.5489292144775,0.86492383480072,0.326257020235062,0.0511943772435188,0.0292951818555593,0.0278904736042023,8.23410224914551,7.57201051712036,9.85958576202393,-0.899053871631622,-5.53655672073364,-13.3930377960205,-15.3625459671021,-15.5739049911499,0.0455248635262251,0.0391078090502156,0.0713081132620573,0.00584666854701936,0.0022054156537966,0.00034606116669773,0.000198028086038727,0.000188532613455082
EGI file,0228_BBLong.raw,E87,2.8379237651825,2.64521813392639,5.36644077301025,0.425205767154694,0.181225076317787,0.0472763366997242,0.0384659618139267,0.041708305478096,4.5020751953125,4.18458461761475,6.92308521270752,-4.07184886932373,-7.94665718078613,-13.4456691741943,-14.180157661438,-13.8436946868896,0.0376556040719151,0.0350986485266023,0.0712057769298553,0.00564193408936262,0.00240462433014597,0.000627296230317477,0.000510393870025573,0.000553415673770176
EGI file,0228_BBLong.raw,E88,17.777250289917,16.3471603393555,25.8470973968506,2.13085746765137,1.32811295986176,1.02347815036774,0.733148455619812,0.508178055286407,12.4386119842529,11.8528528213501,13.6940975189209,3.15490579605103,1.18374133110046,0.0885663703083992,-1.36363255977631,-2.99218058586121,0.0341161009855568,0.0313716375579437,0.0496028449386358,0.00408930261619389,0.00254876473918557,0.00196414433337529,0.00140697613073092,0.000975238255083655
EGI file,0228_BBLong.raw,E89,16.5413589477539,15.4842920303345,23.6645812988281,1.95266604423523,0.95844441652298,0.725486278533936,0.578703045845032,0.407425612211227,12.1302604675293,11.6546535491943,13.3046312332153,2.73172950744629,-0.288503080606461,-1.40365540981293,-2.39016914367676,-3.96665096282959,0.0365396486595273,0.0342046034832795,0.0522747531533241,0.00431341440416873,0.00211719082269285,0.00160259015255553,0.00127834773382112,0.000899997895695505
EGI file,0228_BBLong.raw,E90,16.3990116119385,15.0354356765747,21.8088226318359,1.84390139579773,0.621871829032898,0.176059857010841,0.119835361838341,0.0912101939320564,12.0895233154297,11.586238861084,12.9524364471436,2.43197679519653,-2.63858222961426,-7.61688709259033,-9.22225570678711,-10.4330139160156,0.0469319643452764,0.0430295777817567,0.0624141797423363,0.00527702001854777,0.00177972105697596,0.000503861753945695,0.000342954112584853,0.000261032420410951
EGI file,0228_BBLong.raw,E91,14.730565071106,13.0024156570435,19.140344619751,1.82658767700195,0.578339576721191,0.101755328476429,0.0633852332830429,0.0526522509753704,11.6167879104614,11.0142955780029,12.4199476242065,2.40377736091614,-3.12639808654785,-10.168571472168,-11.9899063110352,-12.8085718154907,0.0489153983071446,0.0431767822139793,0.0635588429868221,0.00606550183147192,0.00192047743891765,0.000337896255979442,0.000210481705688571,0.000174840943721312
EGI file,0228_BBLong.raw,E92,8.35906600952148,7.71364498138428,13.6932239532471,1.11554944515228,0.42954695224762,0.0917888730764389,0.0677635744214058,0.0670020058751106,9.17445278167725,8.79447841644287,10.9715442657471,0.216742962598801,-4.25203227996826,-10.6996641159058,-11.7253131866455,-11.7615575790405,0.0422626854851842,0.0389995003739993,0.0692317098379135,0.00564011847600341,0.00217175074087988,0.000464076299549026,0.000342606550886206,0.000338756125287707
EGI file,0228_BBLong.raw,E93,7.21688604354858,6.8507251739502,12.8494472503662,0.948711752891541,0.419216811656952,0.153977558016777,0.146054625511169,0.159495249390602,8.5487174987793,8.29155349731445,10.6505527496338,-0.524945318698883,-4.19161224365234,-8.26377391815186,-8.38944816589355,-8.00694370269775,0.0369995934888721,0.0351223589645492,0.06587666682899,0.00486386422999203,0.00214924437792173,0.000789413425509873,0.000748794047056787,0.000817701627966017
EGI file,0228_BBLong.raw,E94,17.2909107208252,16.3828353881836,25.3396186828613,1.68606603145599,0.854562163352966,0.517666101455688,0.355819433927536,0.2171580940485,12.325475692749,11.8623514175415,13.5876903533936,2.06090354919434,-0.841323018074036,-2.87475657463074,-4.50464057922363,-6.71015310287476,0.0402270425111055,0.03811441672345,0.0589522402733564,0.00392260705120862,0.00198812589847616,0.00120434246491641,0.000827808625951049,0.000505215024186558
EGI file,0228_BBLong.raw,E95,16.0510787963867,15.4468994140625,23.1615028381348,1.70203459262848,0.663834095001221,0.267477780580521,0.163972452282906,0.121059380471706,11.9981079101562,11.6497087478638,13.2023544311523,2.06408071517944,-2.13964414596558,-5.77189064025879,-7.8654146194458,-9.19269847869873,0.0434565767645836,0.0418208282854822,0.0627072967588902,0.00460807667113841,0.00179725990331333,0.000724167467149741,0.000443937918809693,0.000327755312458907
EGI file,0228_BBLong.raw,E96,16.4030075073242,15.1500902175903,22.2100124359131,1.89119601249695,0.622386515140533,0.164337366819382,0.106090724468231,0.0801807567477226,12.080638885498,11.6040306091309,13.0366258621216,2.52882146835327,-2.63305449485779,-7.94523525238037,-9.75481128692627,-10.9851322174072,0.0467437049373984,0.0431732647120953,0.0632919456809759,0.00538934785872698,0.00177361718877884,0.000468312759824353,0.000302327057016232,0.000228491397920843
EGI file,0228_BBLong.raw,E97,11.5463914871216,10.9599866867065,17.4026279449463,1.45957624912262,0.549654841423035,0.164218083024025,0.145691201090813,0.139308884739876,10.5533866882324,10.2537708282471,11.9983015060425,1.38255381584167,-3.09087824821472,-7.98471450805664,-8.40206718444824,-8.58234310150146,0.0418883664533496,0.0397609890335136,0.0631338067352772,0.00529509708285332,0.00199405552453494,0.000595755566381758,0.000528543172667043,0.000505389222769137
EGI file,0228_BBLong.raw,E98,10.1375503540039,9.26202774047852,15.4073209762573,1.20816040039062,0.55204826593399,0.254014790058136,0.255224376916885,0.273253858089447,9.98744773864746,9.57074451446533,11.451192855835,0.546176135540009,-2.89689350128174,-6.06784296035767,-5.97271251678467,-5.66076803207397,0.0381757980212569,0.0348787717521191,0.0580206073820591,0.00454966812394559,0.00207889299906258,0.000956564174974155,0.000961119260248398,0.00102901427499667
EGI file,0228_BBLong.raw,E99,17.8512573242188,16.9326248168945,25.3622341156006,1.54388046264648,0.711823344230652,0.346601814031601,0.233586862683296,0.178357571363449,12.4529647827148,12.020941734314,13.5860805511475,1.60283184051514,-1.72781229019165,-4.62319326400757,-6.33130264282227,-7.50396966934204,0.0431780274957418,0.0409560704396831,0.0613453295081854,0.00373428659513593,0.00172173467331699,0.000838349031184015,0.000564992126460458,0.000431405381841844
EGI file,0228_BBLong.raw,E100,17.3848724365234,16.7652816772461,24.7799339294434,1.83880639076233,0.958363473415375,0.493161618709564,0.2883180975914,0.217210218310356,12.3370952606201,12.0004587173462,13.5021991729736,2.45544695854187,-0.3227918446064,-3.12260770797729,-5.41476249694824,-6.66276597976685,0.0403141146525741,0.0388773348596361,0.0574626643210649,0.00426404308527708,0.00222236727963069,0.00114360197296585,0.000668586505907437,0.000503692948008899
EGI file,0228_BBLong.raw,E101,15.3917484283447,15.0889625549316,21.524055480957,1.68950295448303,0.651063978672028,0.210741609334946,0.190941333770752,0.195318475365639,11.8042278289795,11.5982246398926,12.9011659622192,1.98296165466309,-2.27969622612,-6.85535383224487,-7.23223924636841,-7.13029289245605,0.0426382580772042,0.041799476577176,0.0596259847283363,0.00468026492744684,0.00180357866920531,0.000583796902313171,0.000528946108627884,0.000541071708482112
EGI file,0228_BBLong.raw,E102,11.623893737793,11.6114730834961,17.4662189483643,1.2378591299057,0.763660728931427,0.483362913131714,0.525257349014282,0.54758757352829,10.6052589416504,10.4796733856201,11.9914798736572,0.612003326416016,-1.36202466487885,-3.18308877944946,-2.82119607925415,-2.63670992851257,0.0325776771642268,0.0325428663442532,0.0489516530185938,0.00346928262151778,0.00214027159714273,0.00135469584561446,0.00147211135950901,0.00153469490152607
EGI file,0228_BBLong.raw,E103,8.91660213470459,8.64234066009521,15.4128293991089,1.10327816009521,0.670269548892975,0.585152387619019,0.677408635616302,0.795749545097351,9.45341873168945,9.23846817016602,11.4132480621338,0.130560114979744,-1.85521483421326,-2.41555070877075,-1.72791218757629,-1.02849698066711,0.0263046785257757,0.0254955856750409,0.0454690624028444,0.00325475751888007,0.00197734836422439,0.00172624561488263,0.00199840867501353,0.00234752375031291
EGI file,0228_BBLong.raw,E104,5.7755241394043,5.68840456008911,11.1287279129028,0.738480925559998,0.387416899204254,0.222296178340912,0.239667117595673,0.273870587348938,7.57980632781982,7.43585777282715,9.97657012939453,-1.63987767696381,-4.38140869140625,-6.62116670608521,-6.24004983901978,-5.67532920837402,0.0308863734826446,0.0304204718106323,0.0595142606645822,0.00394925135187805,0.00207183004157352,0.00118879635485035,0.00128169304826447,0.00146460657220192
EGI file,0228_BBLong.raw,E105,2.49474215507507,2.44070219993591,4.18624353408813,0.330276668071747,0.169490948319435,0.0605227835476398,0.0582118071615696,0.0644367337226868,3.93132662773132,3.74773693084717,5.79497766494751,-5.13196516036987,-8.08355140686035,-12.2918281555176,-12.3897619247437,-11.9608898162842,0.0359228122979403,0.0351446655889352,0.060279430821538,0.00475578876212239,0.00244056983584804,0.000871492323794347,0.00083821562058743,0.000927850829519897
EGI file,0228_BBLong.raw,E106,0.78270435333252,0.730858325958252,1.42502629756927,0.10441942512989,0.051188763231039,0.0114961573854089,0.008000866509974,0.00801883172243834,-1.10975122451782,-1.56324577331543,1.15233719348907,-10.2059707641602,-13.3794384002686,-19.5822372436523,-20.9947128295898,-20.9912967681885,0.0387765523046255,0.0362080060359505,0.0705983072519302,0.00517312185838819,0.00253598146539714,0.000569539860247032,0.000396377028664574,0.000397267031904805
EGI file,0228_BBLong.raw,E107,18.872953414917,17.3908710479736,25.564281463623,1.5340610742569,0.692634284496307,0.265900999307632,0.208765909075737,0.19048909842968,12.6899166107178,12.1564340591431,13.6307430267334,1.59767663478851,-1.92840766906738,-5.80811452865601,-6.82943487167358,-7.22013902664185,0.0453564217314124,0.0417946057601108,0.0614373542368412,0.00368673172779381,0.00166457350964525,0.000639026472116729,0.000501716623999058,0.00045779291754058
EGI file,0228_BBLong.raw,E108,16.3552703857422,15.8969163894653,21.5851917266846,1.61406826972961,0.74616527557373,0.310885936021805,0.330132335424423,0.405608415603638,12.080979347229,11.8524303436279,12.9267883300781,1.73862683773041,-1.60884177684784,-5.11489629745483,-4.85064268112183,-3.97724151611328,0.0407720543444157,0.0396294266813331,0.0538097281008959,0.00402371096424758,0.0018601153162308,0.000775007598385142,0.000822986789693635,0.00101114130251793
EGI file,0228_BBLong.raw,E109,11.8871068954468,11.6787347793579,17.6171913146973,1.19737362861633,0.774889826774597,0.40689492225647,0.345667839050293,0.28839173913002,10.7011585235596,10.496021270752,12.0273418426514,0.459134161472321,-1.38176310062408,-3.918053150177,-4.62181758880615,-5.42409610748291,0.0364465638995171,0.0358076836499903,0.0540153354406357,0.00367121757008135,0.00237585753867669,0.00124756358655206,0.00105983766937448,0.000884225908843683
EGI file,0228_BBLong.raw,E110,8.99276447296143,8.52326107025146,16.0981998443604,1.10208868980408,0.790946006774902,0.813140869140625,0.999906122684479,1.1956752538681,9.47794914245605,9.13180923461914,11.5965089797974,0.145893692970276,-1.09659504890442,-0.982775807380676,-0.0328106172382832,0.717893004417419,0.0221490180119872,0.0209926430963808,0.0396495807915926,0.00271442497614771,0.00194808564348412,0.00200275156656098,0.00246275083026699,0.00294492657950643
EGI file,0228_BBLong.raw,E111,5.59200668334961,5.30483436584473,10.9554481506348,0.632889628410339,0.393726766109467,0.215444147586823,0.245380699634552,0.27668172121048,7.41814136505127,7.0307502746582,9.93176460266113,-2.317049741745,-4.24643182754517,-6.74103403091431,-6.14864253997803,-5.629310131073,0.0306797777302563,0.029104245826602,0.0601055674254894,0.00347226243466139,0.00216012797318399,0.00118200484818468,0.0013462474734913,0.00151797640137374
EGI file,0228_BBLong.raw,E112,3.87936353683472,3.61341977119446,8.10231113433838,0.406173318624496,0.210770547389984,0.0445942990481853,0.0299003943800926,0.0302601251751184,5.84930276870728,5.37647247314453,8.58276176452637,-4.3594446182251,-7.16732978820801,-13.7635583877563,-15.280029296875,-15.2354431152344,0.0384542588144541,0.0358180863161882,0.0803142987191677,0.00402619997039437,0.00208926692471973,0.000442041750134462,0.000296388202602224,0.00029995403093392
EGI file,0228_BBLong.raw,E113,21.2083187103271,17.3880882263184,24.8655338287354,1.51986157894135,0.68573522567749,0.282671242952347,0.248456701636314,0.2347472012043,13.1599464416504,12.1915502548218,13.5267333984375,1.56496632099152,-1.97060239315033,-5.56282806396484,-6.09222412109375,-6.32614755630493,0.0496805729344487,0.0407316645400392,0.0582476116716862,0.00356028196401894,0.00160633762965777,0.000662158505292609,0.000582010812884677,0.000549896255126695
EGI file,0228_BBLong.raw,E114,20.4082107543945,17.0594825744629,23.6470279693604,1.52323591709137,0.774284422397614,0.471963346004486,0.518971502780914,0.522692322731018,13.0054912567139,12.1392469406128,13.3214616775513,1.53932619094849,-1.31816744804382,-3.3359694480896,-2.88858556747437,-2.86531043052673,0.043983849696815,0.036766656777925,0.0509641576558352,0.00328288339078426,0.00166874034995479,0.00101717710997179,0.0011184890078561,0.00112650821816553
EGI file,0228_BBLong.raw,E115,14.7267599105835,13.6652202606201,19.3339424133301,1.56546318531036,2.06000924110413,1.8552633523941,1.67812323570251,1.31035196781158,11.6199264526367,11.1906547546387,12.4541034698486,1.74113869667053,2.9714617729187,2.6616051197052,2.23708701133728,1.1130884885788,0.0233107255771756,0.0216304336984952,0.0306033536791801,0.00247794375754893,0.00326075201654541,0.0029366634667431,0.00265627126810291,0.00207413295784942
EGI file,0228_BBLong.raw,E116,12.8380794525146,11.7005786895752,18.9443702697754,1.09629559516907,0.690118610858917,0.472089856863022,0.632178425788879,0.809035122394562,11.0130281448364,10.4712543487549,12.3583040237427,0.00813264865428209,-1.75605249404907,-3.28951716423035,-2.01271796226501,-0.951321363449097,0.0329593005590141,0.0300389878037903,0.0486360255628824,0.00281452818308026,0.00177174672550921,0.00121199986988715,0.00162299642820031,0.00207704220326688
EGI file,0228_BBLong.raw,E117,10.376127243042,9.10123729705811,17.9411525726318,1.01873171329498,0.823068618774414,0.614418387413025,0.79021143913269,0.885904848575592,10.0774612426758,9.37322616577148,12.1070203781128,-0.228606581687927,-0.898188591003418,-2.16642594337463,-1.07120954990387,-0.578585147857666,0.0273579070344567,0.02399650360975,0.0473040081560612,0.00268600869458169,0.00217011945455202,0.00161998796815454,0.0020834876171824,0.0023357947740138
EGI file,0228_BBLong.raw,E118,9.38415622711182,8.45041370391846,17.2775096893311,0.890617251396179,0.581522583961487,0.199863851070404,0.174354732036591,0.17491403222084,9.67117881774902,9.07920455932617,11.9123697280884,-0.890289664268494,-2.50715637207031,-7.09945487976074,-7.63043308258057,-7.61590194702148,0.0375968385487795,0.0338558811280462,0.0692209016531706,0.00356818400323391,0.00232982192787209,0.000800737829230653,0.000698537734757748,0.000700778499558049
EGI file,0228_BBLong.raw,E119,23.4581279754639,17.6469841003418,24.9783535003662,1.64405512809753,0.832793056964874,0.527372062206268,0.402019262313843,0.269904553890228,13.5762596130371,12.2699747085571,13.55628490448,1.98841404914856,-0.976462423801422,-2.87418270111084,-4.03285121917725,-5.76304197311401,0.0503106042742729,0.0378474545561605,0.0535710278898478,0.00352600160986185,0.00178608973843179,0.001131053816518,0.000862209918728519,0.000578863767662404
EGI file,0228_BBLong.raw,E120,24.7729167938232,17.4765186309814,23.886791229248,1.46331584453583,0.639057636260986,0.270745009183884,0.263217329978943,0.291521906852722,13.7894477844238,12.2536125183105,13.3681869506836,1.36540007591248,-2.30671215057373,-5.7273268699646,-5.82281112670898,-5.39109706878662,0.0565509470179677,0.0398949250164959,0.0545281242579222,0.0033404178917408,0.00145882389541449,0.00061804936415808,0.000600865456245599,0.000665478334656056
EGI file,0228_BBLong.raw,E121,22.5240173339844,16.8592433929443,23.0517559051514,1.47103309631348,0.727909922599792,0.427157074213028,0.481619268655777,0.517242252826691,13.3984565734863,12.1054973602295,13.2183055877686,1.39590954780579,-1.62468326091766,-3.77520847320557,-3.21134877204895,-2.91934037208557,0.0488910218700767,0.036594962908162,0.0500365447252989,0.00319305006414652,0.00158001384864162,0.00092719455121779,0.00104541113908072,0.00112273499938435
EGI file,0228_BBLong.raw,E122,15.1835613250732,12.9638595581055,20.1334133148193,1.19519174098969,0.741758227348328,0.51961612701416,0.616353809833527,0.725616335868835,11.7281265258789,10.9349193572998,12.6264705657959,0.43986302614212,-1.44029426574707,-2.884117603302,-2.12986326217651,-1.4472553730011,0.0368297761306167,0.0314455891235007,0.0488363094627857,0.00289909888524562,0.00179923470464668,0.00126039891677233,0.0014950490721892,0.00176008012369747
EGI file,0228_BBLong.raw,E123,13.8076133728027,11.7678136825562,20.0060024261475,1.08483445644379,0.673594653606415,0.407229065895081,0.551314949989319,0.729574263095856,11.3050489425659,10.5022802352905,12.5934600830078,-0.036261297762394,-1.85858595371246,-3.93382978439331,-2.61615800857544,-1.41881787776947,0.0358515526168048,0.0305551987969213,0.0519457038491964,0.00281677925959229,0.00174899244614478,0.00105737270810185,0.00143149258914374,0.00189434389342094
EGI file,0228_BBLong.raw,E124,12.064811706543,10.4164896011353,19.9076290130615,1.08821094036102,0.915426075458527,0.447505503892899,0.417756587266922,0.419542491436005,10.7358093261719,9.99143600463867,12.5422887802124,0.0610807426273823,-0.44207164645195,-3.54347968101501,-3.83467936515808,-3.82381319999695,0.0348287685774267,0.0300703833086623,0.0574694592505693,0.00314145386219025,0.00264265821315348,0.00129186147002175,0.00120598209210702,0.00121113756904379
EGI file,0228_BBLong.raw,E125,45.6574020385742,21.224983215332,24.4786491394043,1.63316559791565,0.679231405258179,0.328637361526489,0.331928819417953,0.345134168863297,16.2984638214111,13.1355972290039,13.4913835525513,1.87029576301575,-2.00392270088196,-4.87365198135376,-4.8095498085022,-4.65574216842651,0.081376108340919,0.0378297105845478,0.0436287932097912,0.00291082405019552,0.0012106080023971,0.000585737049821582,0.000591603530225374,0.000615139626691566
EGI file,0228_BBLong.raw,E126,33.7075881958008,18.2984504699707,24.8287010192871,1.54880309104919,0.861902713775635,0.69992858171463,0.521539151668549,0.284422874450684,14.9548721313477,12.4547986984253,13.5414276123047,1.69639146327972,-0.760065913200378,-1.65796720981598,-2.92323565483093,-5.55310583114624,0.0640554949641228,0.0347730693303876,0.0471826940774918,0.00294323535636067,0.00163789859839848,0.00133009446561154,0.0009910958657612,0.000540497022403899
EGI file,0228_BBLong.raw,E127,37.3501777648926,18.1929054260254,24.8536891937256,1.42186641693115,0.733356893062592,0.496715694665909,0.314901024103165,0.240068599581718,15.3367071151733,12.4192724227905,13.5344772338867,1.24378168582916,-1.50885820388794,-3.14646577835083,-5.06726217269897,-6.27027702331543,0.0732223987579346,0.0356659090353383,0.0487239085137844,0.00278746921103448,0.00143769476063816,0.000973776174599633,0.000617341210712649,0.000470637650335137
EGI file,0228_BBLong.raw,E128,89.2272186279297,24.4440746307373,25.0761070251465,1.69080924987793,0.646091461181641,0.333400309085846,0.286346822977066,0.293468147516251,18.9213752746582,13.6462411880493,13.5963001251221,1.99430787563324,-2.18444466590881,-4.82085657119751,-5.45772647857666,-5.37182426452637,0.119515787810087,0.0327417173733314,0.0335882995277643,0.00226476192474365,0.000865409919060767,0.000446574499387769,0.000383548507083868,0.000393087196877061
